{
	"credit": "Credits to Adelando for creation, Mask is from Squid Game on Netflix, Made with Blockbench Software",
	"parent": "carved_pumpkin",
	"texture_size": [64, 64],
	"textures": {
		"0": "SquidGame/mask",
		"particle": "SquidGame/mask"
	},
	"elements": [
		{
			"name": "mask",
			"from": [0, 5, 5],
			"to": [16, 19, 9],
			"rotation": {"angle": 0, "axis": "y", "origin": [2, 5.1, 9.4]},
			"faces": {
				"north": {"uv": [4, 4, 8, 7], "texture": "#0"},
				"east": {"uv": [3, 4, 4, 7], "texture": "#0"},
				"south": {"uv": [12, 0, 16, 3], "texture": "#0"},
				"west": {"uv": [8, 4, 9, 7], "texture": "#0"},
				"up": {"uv": [4, 3, 8, 4], "rotation": 180, "texture": "#0"},
				"down": {"uv": [12, 1.5, 16, 2.5], "texture": "#0"}
			}
		},
		{
			"from": [0, 1, 5],
			"to": [16, 5, 7],
			"rotation": {"angle": 0, "axis": "y", "origin": [0, 1, 8]},
			"faces": {
				"north": {"uv": [4, 7, 8, 8], "texture": "#0"},
				"east": {"uv": [3.5, 7, 4, 8], "texture": "#0"},
				"south": {"uv": [12, 3, 16, 4], "texture": "#0"},
				"west": {"uv": [8, 7, 8.5, 8], "texture": "#0"},
				"up": {"uv": [0, 0, 4, 0.5], "texture": "#0"},
				"down": {"uv": [12, 3.5, 16, 4], "texture": "#0"}
			}
		},
		{
			"from": [0, 10, 9],
			"to": [1, 12, 21.5],
			"rotation": {"angle": 0, "axis": "y", "origin": [0, 10, 9]},
			"faces": {
				"north": {"uv": [0, 0, 0.25, 0.5], "texture": "#0"},
				"east": {"uv": [0, 9, 5, 10], "rotation": 180, "texture": "#0"},
				"south": {"uv": [0, 0, 0.25, 0.5], "texture": "#0"},
				"west": {"uv": [0, 9, 5, 10], "texture": "#0"},
				"up": {"uv": [5, 9.5, 10, 10], "rotation": 90, "texture": "#0"},
				"down": {"uv": [0, 9.5, 5, 10], "rotation": 90, "texture": "#0"}
			}
		},
		{
			"from": [15, 10, 9],
			"to": [16, 12, 21.5],
			"rotation": {"angle": 0, "axis": "y", "origin": [15, 10, 9]},
			"faces": {
				"north": {"uv": [0, 0, 0.25, 0.5], "texture": "#0"},
				"east": {"uv": [0, 9, 5, 10], "texture": "#0"},
				"south": {"uv": [0, 0, 0.25, 0.5], "texture": "#0"},
				"west": {"uv": [0, 9, 5, 10], "texture": "#0"},
				"up": {"uv": [5, 9.5, 10, 10], "rotation": 270, "texture": "#0"},
				"down": {"uv": [0, 9.5, 5, 10], "rotation": 90, "texture": "#0"}
			}
		},
		{
			"from": [0, 10, 21.5],
			"to": [16, 12, 22.5],
			"rotation": {"angle": 0, "axis": "y", "origin": [7.5, 10.5, 22]},
			"faces": {
				"north": {"uv": [0, 9, 5, 10], "texture": "#0"},
				"east": {"uv": [4.5, 9, 5, 10], "texture": "#0"},
				"south": {"uv": [10, 9, 15, 10], "texture": "#0"},
				"west": {"uv": [4.5, 9, 5, 10], "texture": "#0"},
				"up": {"uv": [5, 9.5, 10, 10], "texture": "#0"},
				"down": {"uv": [0, 9.5, 5, 10], "texture": "#0"}
			}
		}
	],
	"display": {
		"thirdperson_righthand": {
			"rotation": [35, 0, 0],
			"translation": [0, -1.5, -0.25],
			"scale": [0.27, 0.27, 0.27]
		},
		"thirdperson_lefthand": {
			"rotation": [35, 0, 0],
			"scale": [0.27, 0.27, 0.27]
		},
		"firstperson_righthand": {
			"rotation": [25, 64, 0],
			"translation": [0, 2, 0],
			"scale": [0.27, 0.27, 0.27]
		},
		"firstperson_lefthand": {
			"rotation": [25, 64, 0],
			"translation": [0, 2, 0],
			"scale": [0.27, 0.27, 0.27]
		},
		"ground": {
			"scale": [0.5, 0.5, 0.5]
		},
		"gui": {
			"rotation": [-134, 45, -180],
			"translation": [-2.5, -1.5, 0],
			"scale": [0.69, 0.67, 0.64]
		},
		"head": {
			"translation": [0, -1.75, -5],
			"scale": [0.92, 0.88, 0.88]
		},
		"fixed": {
			"translation": [0, -1.5, -2.75],
			"scale": [0.9, 0.9, 0.9]
		}
	}
}